,入炉日期,入炉煤量（吨）,全水分/收到基水分 Mt/Mar (%),空干基水分 Mad (%),收到基灰分 Aar(%),Aar(%)理论值,Aar(%)差距,收到基挥发分 Var(%),Var(%)理论值,Var(%)差距,收到基固定碳  FCar(%),FCar(%)理论值,FCar(%)差距,"收到基全硫St,ar%","St,ar%理论值","St,ar%差距"
0,2020-01-01,4396,15.6,4.62,13.857244705388974,13.857244705388972,-1.2818975757204022e-16,25.750052421891386,25.750052421891386,0.0,44.79270287271965,44.79270287271965,0.0,0.38934787167120993,0.38934787167120993,0.0
1,2020-01-02,4719,15.7,4.79,13.68845709484298,13.688457094842981,1.2977042095339432e-16,25.464426005671672,25.464426005671676,1.3951673907784952e-16,45.147116899485354,45.147116899485354,0.0,0.4072891502993383,0.4072891502993384,1.3629420570241006e-16
2,2020-01-03,3708,15.7,5.49,13.459813776319965,13.459813776319965,0.0,25.91170246534758,25.91170246534758,0.0,44.92848375833245,44.92848375833245,0.0,0.4459845518992699,0.4459845518992699,0.0
3,2020-01-04,2496,16.1,5.24,14.060067539046011,14.060067539046011,0.0,25.39311945968763,25.393119459687632,1.3990851673188657e-16,44.446813001266364,44.446813001266364,0.0,0.43384339383706205,0.43384339383706205,0.0
4,2020-01-05,2514,15.8,6.2,13.159616204690833,13.159616204690833,0.0,25.780639658848617,25.780639658848614,-1.3780548992627933e-16,45.25974413646056,45.25974413646056,0.0,0.4039445628997868,0.4039445628997868,0.0
5,2020-01-06,2941,15.1,5.63,13.260845607714318,13.260845607714316,-1.339550200604763e-16,25.738995443467203,25.738995443467203,0.0,45.900158948818486,45.900158948818486,0.0,0.3958461375437109,0.39584613754371095,1.4023416162581114e-16
6,2020-01-07,2692,14.4,4.48,15.064237855946397,15.064237855946399,1.1791879923743096e-16,24.715745393634837,24.71574539363484,1.4374293076005906e-16,45.820016750418766,45.820016750418766,0.0,0.4122278056951424,0.4122278056951424,0.0
7,2020-01-08,3605,15.4,4.3,14.877931034482756,14.877931034482756,0.0,25.397680250783697,25.397680250783697,0.0,44.324388714733544,44.32438871473354,-1.6030514043477691e-16,0.450846394984326,0.450846394984326,0.0
8,2020-01-09,4153,15.8,4.41,14.648456951563968,14.64845695156397,1.2126579920833195e-16,25.694256721414373,25.694256721414376,1.3826878579599314e-16,43.857286327021654,43.857286327021654,0.0,0.4316141855842662,0.4316141855842661,-1.2861289801240816e-16
9,2020-01-10,4337,16.1,5.04,14.516396377422074,14.516396377422074,0.0,25.63120261162595,25.63120261162595,0.0,43.75240101095199,43.752401010951985,-1.6240085557412927e-16,0.441764953664701,0.441764953664701,0.0
10,2020-01-11,4711,15.3,5.23,15.202564102564104,15.202564102564105,1.1684587069760458e-16,25.471668249446033,25.47166824944603,-1.394770709169301e-16,44.02576764798987,44.02576764798987,0.0,0.4111216629735149,0.4111216629735149,0.0
11,2020-01-12,5032,16.0,4.79,13.98382522844239,13.98382522844239,0.0,26.079613485978363,26.079613485978363,0.0,43.936561285579245,43.936561285579245,0.0,0.39701712005041495,0.3970171200504149,-1.3982054784994858e-16
12,2020-01-13,5098,15.0,4.71,13.772693881834398,13.772693881834398,0.0,26.385769755483256,26.385769755483256,0.0,44.841536362682334,44.841536362682334,0.0,0.4816874803232239,0.48168748032322384,-1.1524308498532806e-16
13,2020-01-14,4333,15.8,4.29,14.894013164768573,14.894013164768571,-1.1926650122763281e-16,25.556472677881104,25.5564726778811,-1.3901424205052142e-16,43.749514157350326,43.749514157350326,0.0,0.4398704419600878,0.4398704419600878,0.0
14,2020-01-15,4610,16.2,4.44,14.171285056508998,14.171285056509,1.2534903026203357e-16,25.30837170364169,25.30837170364169,0.0,44.3203432398493,44.32034323984931,1.603197727767679e-16,0.38585182084554204,0.3858518208455421,1.4386650064165216e-16
15,2020-01-16,4428,15.9,4.27,13.089835997075106,13.089835997075106,0.0,26.37294474041575,26.37294474041575,0.0,44.63721926250914,44.63721926250914,0.0,0.5710331139663637,0.5710331139663637,0.0
16,2020-01-17,5539,15.8,4.71,13.537034316297616,13.537034316297618,1.312220090379504e-16,26.393682443068528,26.393682443068528,0.0,44.269283240633854,44.269283240633854,0.0,0.6008605310105992,0.6008605310105992,0.0
17,2020-01-18,4202,14.7,4.3,14.06514106583072,14.06514106583072,0.0,26.561546499477533,26.561546499477533,0.0,44.673312434691745,44.67331243469174,-1.5905306704060686e-16,0.5526227795193311,0.5526227795193313,2.0090069859060527e-16
18,2020-01-19,4029,15.6,4.36,12.66352990380594,12.663529903805939,-1.4027343504486677e-16,26.615474696779593,26.615474696779593,0.0,45.120995399414475,45.120995399414475,0.0,0.5736093684650775,0.5736093684650774,-1.9355036470133057e-16
19,2020-01-20,4117,15.8,4.11,12.170320158514965,12.170320158514965,0.0,26.834414433204714,26.834414433204714,0.0,45.19526540828033,45.19526540828032,-1.572161883200093e-16,0.544415476066326,0.544415476066326,0.0
20,2020-01-21,3072,15.0,4.81,12.688832860594601,12.688832860594601,0.0,26.663515075112933,26.663515075112933,0.0,45.647652064292465,45.647652064292465,0.0,0.5625590923416325,0.5625590923416326,1.9735224969947462e-16
21,2020-01-22,2380,15.8,4.75,12.20789501312336,12.20789501312336,0.0,26.882120734908135,26.88212073490814,1.321589808272484e-16,45.10998425196851,45.109984251968505,-1.5751340807198209e-16,0.5745931758530184,0.5745931758530184,0.0
22,2020-01-23,2301,15.5,4.76,11.764699706005882,11.76469970600588,-1.5099041061740148e-16,27.45096598068039,27.450965980680387,-1.2942035195777269e-16,45.284334313313735,45.284334313313735,0.0,0.6033179336413272,0.6033179336413272,0.0
23,2020-01-24,2282,15.7,4.82,12.48823282202143,12.488232822021432,1.422424505305401e-16,26.561851229249836,26.56185122924984,1.3375248766126146e-16,45.24991594872872,45.24991594872873,1.570263106267853e-16,0.5402710653498634,0.5402710653498634,0.0
24,2020-01-25,2176,15.1,4.76,13.211024779504411,13.211024779504411,0.0,26.08330533389333,26.083305333893325,-1.3620642143785404e-16,45.60566988660227,45.60566988660227,0.0,0.44571608567828647,0.44571608567828647,0.0
25,2020-01-26,2460,14.5,5.22,13.621544629668707,13.621544629668707,0.0,26.0523317155518,26.0523317155518,0.0,45.82612365477949,45.82612365477949,0.0,0.4420236336779911,0.44202363367799113,1.255841249241823e-16
26,2020-01-27,2565,15.2,3.89,13.790698158360213,13.790698158360213,0.0,25.922630319425657,25.922630319425657,0.0,45.086671522214125,45.08667152221413,1.5759485270719464e-16,0.48527728644261786,0.48527728644261786,0.0
27,2020-01-28,2182,15.1,3.79,16.987059557218586,16.987059557218586,0.0,24.95553476769567,24.95553476769567,0.0,42.95740567508576,42.95740567508576,0.0,0.39710009354536957,0.39710009354536957,0.0
28,2020-01-29,2238,14.0,3.43,17.35673604639122,17.35673604639122,0.0,24.792792792792792,24.792792792792795,1.4329622759696789e-16,43.85047116081599,43.85047116081599,0.0,0.37402920161540854,0.37402920161540854,0.0
29,2020-01-30,2291,13.5,4.16,17.500365191986646,17.500365191986646,0.0,25.33446368948247,25.334463689482472,1.4023244077100397e-16,43.665171118530886,43.665171118530886,0.0,0.3700438230383973,0.37004382303839733,1.5001237090099397e-16
30,2020-01-31,2461,13.8,3.84,16.97824459234609,16.978244592346094,2.0925094225595553e-16,25.27911813643927,25.27911813643927,0.0,43.94263727121465,43.94263727121465,0.0,0.3854617304492513,0.3854617304492513,0.0
31,2020-02-01,2166,14.3,3.86,16.954587060536717,16.954587060536717,0.0,25.396224256292903,25.396224256292907,1.3989141231969463e-16,43.34918868317038,43.34918868317038,0.0,0.42787601414603704,0.42787601414603704,0.0
32,2020-02-02,2098,14.6,3.42,17.189645889418102,17.189645889418102,0.0,24.86485814868503,24.86485814868503,0.0,43.34549596189688,43.34549596189688,0.0,0.38022364878856907,0.3802236487885691,1.4599605102976093e-16
33,2020-02-03,2100,14.8,4.16,16.295033388981633,16.295033388981633,0.0,25.66489983305509,25.66489983305509,0.0,43.24006677796328,43.24006677796327,-1.6432507826796854e-16,0.4622704507512521,0.4622704507512521,0.0
34,2020-02-04,2096,14.7,4.5,15.443319371727748,15.443319371727748,0.0,26.045528795811517,26.045528795811517,0.0,43.81115183246072,43.81115183246073,1.6218307577881167e-16,0.4644607329842932,0.4644607329842932,0.0
35,2020-02-05,1863,14.4,4.28,17.760300877559548,17.760300877559548,0.0,25.129126619306312,25.12912661930631,-1.4137831897711108e-16,42.71057250313414,42.71057250313414,0.0,0.41136648558295025,0.41136648558295025,0.0
36,2020-02-06,2251,14.6,4.16,17.24217445742905,17.242174457429048,-2.0604789074441596e-16,25.056844741235395,25.056844741235395,0.0,43.10098080133555,43.10098080133556,1.6485535190839157e-16,0.4009808013355593,0.40098080133555924,-1.384384265939045e-16
37,2020-02-07,2278,15.2,4.2,16.304968684759917,16.304968684759917,0.0,24.29812108559499,24.29812108559499,0.0,44.19691022964509,44.1969102296451,1.6076751340040586e-16,0.4514405010438413,0.45144050104384137,1.2296449056498567e-16
38,2020-02-08,2074,15.4,4.08,16.105045871559632,16.105045871559632,0.0,25.339428690575478,25.339428690575478,0.0,43.15552543786489,43.15552543786488,-1.646469898236174e-16,0.4321726438698915,0.4321726438698915,0.0
39,2020-02-09,1873,14.3,4.29,16.645731898443216,16.645731898443216,0.0,25.761038553965104,25.761038553965104,0.0,43.293229547591686,43.293229547591686,0.0,0.42084421690523455,0.42084421690523455,0.0
40,2020-02-10,2013,14.2,4.71,16.567530695770802,16.567530695770802,0.0,25.661664392905863,25.661664392905863,0.0,43.57080491132333,43.57080491132332,-1.6307771619234923e-16,0.4141882673942701,0.41418826739427006,-1.340239586709881e-16
41,2020-02-11,2241,14.0,4.97,16.11764705882353,16.11764705882353,0.0,25.87330316742081,25.873303167420815,1.373119487609148e-16,44.009049773755656,44.009049773755656,0.0,0.4343891402714932,0.4343891402714932,0.0
42,2020-02-12,2146,14.6,4.88,15.603994953742639,15.60399495374264,1.138398752797718e-16,25.964760302775446,25.964760302775442,-1.36828287161994e-16,43.83124474348192,43.83124474348192,0.0,0.4758410428931876,0.47584104289318757,-1.1665902313457742e-16
43,2020-02-13,1730,14.3,4.54,15.26188979677352,15.261889796773518,-1.163916699081254e-16,26.1427194636497,26.142719463649698,-1.3589686733778377e-16,44.29539073957679,44.29539073957679,0.0,0.44887911166980937,0.44887911166980937,0.0
44,2020-02-14,1623,15.1,5.04,14.439079612468408,14.43907961246841,1.2302424303182969e-16,25.900937236731256,25.90093723673126,1.37165448737594e-16,44.55998315080034,44.55998315080035,1.5945758627319815e-16,0.43808972198820556,0.4380897219882056,1.2671183194923783e-16
45,2020-02-15,2037,15.0,4.62,14.526106101908157,14.526106101908157,0.0,25.612287691339905,25.6122876913399,-1.387112983273944e-16,44.86160620675195,44.861606206751944,-1.5838548724391395e-16,0.436674355210736,0.436674355210736,0.0
46,2020-02-16,2055,14.9,4.4,15.497813807531381,15.49781380753138,-1.1461983357530111e-16,25.049309623430965,25.04930962343096,-1.4182880615110107e-16,44.55287656903765,44.55287656903765,0.0,0.4005753138075314,0.40057531380753136,-1.3857856267680502e-16
47,2020-02-17,2123,15.0,4.1,16.01616266944734,16.01616266944734,0.0,25.11001042752867,25.11001042752867,0.0,43.87382690302398,43.87382690302398,0.0,0.39885297184567253,0.39885297184567253,0.0
48,2020-02-18,2108,14.8,4.14,15.642812434800753,15.642812434800753,0.0,25.13515543500939,25.13515543500939,0.0,44.42203213018986,44.42203213018986,0.0,0.3644064260379721,0.3644064260379721,0.0
49,2020-02-19,2204,14.8,4.78,14.91581600504096,14.915816005040961,1.1909216624822347e-16,25.58147448015123,25.58147448015123,0.0,44.70270951480782,44.702709514807815,-1.5894847168597959e-16,0.3758034026465028,0.37580340264650286,1.477132746546046e-16
50,2020-02-20,2139,14.8,5.17,15.507244542866184,15.507244542866184,0.0,25.524960455552044,25.524960455552044,0.0,44.16779500158178,44.16779500158178,0.0,0.359379943055995,0.35937994305599497,-1.5446368753697707e-16
51,2020-02-21,2328,14.6,4.81,16.82161991805862,16.82161991805862,0.0,25.36251707112092,25.362517071120916,-1.40077330212852e-16,43.21586301082047,43.21586301082047,0.0,0.39474734741044226,0.3947473474104423,1.4062450728399596e-16
52,2020-02-22,2097,15.1,4.86,15.910941770023124,15.910941770023124,0.0,25.262970359470255,25.262970359470255,0.0,43.726087870506625,43.726087870506625,0.0,0.383718730292201,0.383718730292201,0.0
53,2020-02-23,1991,14.5,4.64,15.322934144295301,15.322934144295303,1.1592798237415806e-16,25.624895134228186,25.624895134228186,0.0,44.55217072147651,44.55217072147651,0.0,0.4214031040268456,0.4214031040268456,0.0
54,2020-02-24,2377,14.1,5.36,14.177493660185968,14.177493660185968,0.0,25.99509721048183,25.995097210481827,-1.3666860523868184e-16,45.727409129332216,45.72740912933221,-1.553866158807403e-16,0.36306001690617085,0.3630600169061708,-1.528980021107753e-16
55,2020-02-25,2297,15.0,6.15,14.808204581779439,14.808204581779437,-1.19957610633361e-16,25.531699520511456,25.531699520511456,0.0,44.66009589770912,44.66009589770911,-1.5910013659342548e-16,0.39850825785828453,0.3985082578582845,-1.3929736746132478e-16
56,2020-02-26,2381,15.1,5.14,14.991302972802025,14.991302972802025,0.0,25.391239721695133,25.391239721695133,0.0,44.51745730550285,44.51745730550285,0.0,0.4117014547754586,0.4117014547754586,0.0
57,2020-02-27,2435,15.0,4.74,14.169640982574007,14.169640982574007,0.0,26.055007348309886,26.055007348309886,0.0,44.775351669116105,44.7753516691161,-1.586905985710434e-16,0.4639932815452446,0.4639932815452446,0.0
58,2020-02-28,2462,15.1,4.91,13.705068882111684,13.705068882111684,0.0,26.151235671469134,26.151235671469134,0.0,45.043695446419186,45.043695446419186,0.0,0.42856241455463245,0.42856241455463245,0.0
59,2020-02-29,2738,15.2,4.92,15.53655868742112,15.536558687421122,1.1433399603725915e-16,25.32940681531342,25.32940681531342,0.0,43.93403449726546,43.93403449726546,0.0,0.46377787126630204,0.4637778712663021,1.196934021015057e-16
60,2020-03-01,2647,15.0,5.55,14.876124933827423,14.876124933827422,-1.1940991671567107e-16,25.657490735839065,25.65749073583907,1.3846691850649197e-16,44.466384330333504,44.466384330333504,0.0,0.4139756484912652,0.4139756484912652,0.0
61,2020-03-02,2906,15.4,4.67,15.530263295919438,15.530263295919436,-1.1438034278961557e-16,25.372013007447812,25.372013007447812,0.0,43.69772369663275,43.69772369663275,0.0,0.44372180845484105,0.44372180845484105,0.0
62,2020-03-03,2760,15.2,4.69,15.828265659427132,15.82826565942713,-1.1222687801820366e-16,25.286077011856047,25.286077011856047,0.0,43.68565732871682,43.685657328716815,-1.626489743335106e-16,0.43596684503200084,0.4359668450320008,-1.2732883673111241e-16
63,2020-03-04,2683,15.1,4.95,15.104250394529197,15.104250394529195,-1.1760642157015962e-16,25.715633876906892,25.715633876906892,0.0,44.08011572856392,44.08011572856392,0.0,0.4108784850078906,0.41087848500789065,1.3510357260539398e-16
64,2020-03-05,2567,15.9,5.23,15.529703492666457,15.529703492666455,-1.1438446588752283e-16,25.273483169779464,25.273483169779464,0.0,43.29681333755408,43.29681333755408,0.0,0.425957581513137,0.425957581513137,0.0
65,2020-03-06,2877,15.6,6.24,14.510750853242323,14.510750853242321,-1.224166038936115e-16,25.510836177474403,25.510836177474403,0.0,44.378412969283275,44.378412969283275,0.0,0.40507679180887374,0.40507679180887374,0.0
66,2020-03-07,2539,15.7,5.18,14.864965197215778,14.864965197215776,-1.194995626180789e-16,25.346899388314704,25.346899388314704,0.0,44.08813541446953,44.08813541446953,0.0,0.46230753005695,0.46230753005695,0.0
67,2020-03-08,2501,15.9,5.08,14.59257269279393,14.59257269279393,0.0,25.72084913611462,25.720849136114623,1.3812583169395208e-16,43.78657817109144,43.78657817109144,0.0,0.44300463548251157,0.44300463548251157,0.0
68,2020-03-09,2936,15.9,4.73,14.415377348588223,14.41537734858822,-1.2322652376312708e-16,25.626356670515378,25.626356670515378,0.0,44.058265980896394,44.058265980896394,0.0,0.4237220531122074,0.4237220531122074,0.0
69,2020-03-10,2569,15.2,4.82,14.584744694263499,14.5847446942635,1.2179553887555746e-16,25.962092876654758,25.962092876654758,0.0,44.25316242908173,44.25316242908173,0.0,0.4187434334944315,0.41874343349443155,1.325660220341008e-16
70,2020-03-11,2537,15.5,5.43,13.912075711113461,13.912075711113463,1.276845293460582e-16,25.769059955588457,25.769059955588453,-1.378674148348215e-16,44.81886433329809,44.81886433329809,0.0,0.4288886539071587,0.42888865390715875,1.2943021627071137e-16
71,2020-03-12,2461,15.9,4.88,14.146341463414632,14.146341463414632,0.0,25.61371951219512,25.613719512195118,-1.387035442903556e-16,44.33993902439024,44.33993902439024,0.0,0.42439024390243896,0.42439024390243896,0.0
72,2020-03-13,2651,14.9,4.01,16.082029378060216,16.082029378060216,0.0,25.45287009063444,25.45287009063444,0.0,43.56510053130534,43.56510053130535,1.630990694603156e-16,0.40781331388686326,0.40781331388686326,0.0
73,2020-03-14,2515,14.8,4.32,17.239464882943142,17.239464882943142,0.0,25.22696488294314,25.226964882943143,1.4083000849629036e-16,42.733570234113714,42.733570234113714,0.0,0.4096153846153846,0.40961538461538466,1.3552018140964353e-16
74,2020-03-15,2530,15.2,4.36,17.014972814721876,17.014972814721876,0.0,25.145629443747385,25.145629443747385,0.0,42.63939774153074,42.63939774153074,0.0,0.4255959849435383,0.42559598494353823,-1.3043156701448256e-16
75,2020-03-16,3076,14.8,4.75,16.843212598425193,16.843212598425197,2.1092850654468807e-16,25.367685039370077,25.367685039370077,0.0,42.989102362204726,42.989102362204726,0.0,0.4204094488188976,0.42040944881889764,1.3204068411690413e-16
76,2020-03-17,2786,15.0,4.96,16.62615740740741,16.62615740740741,0.0,25.498211279461277,25.49821127946128,1.393318786115087e-16,42.87563131313131,42.87563131313131,0.0,0.48295454545454547,0.48295454545454547,0.0
77,2020-03-18,2588,14.2,4.36,17.48475533249686,17.48475533249686,0.0,25.29861982434128,25.298619824341277,-1.4043112641987796e-16,43.01662484316185,43.01662484316186,1.6517863462108691e-16,0.4395859473023839,0.43958594730238393,1.2628054097705864e-16
78,2020-03-19,2386,14.8,3.7,17.907040498442367,17.907040498442367,0.0,25.06454828660436,25.064548286604364,1.4174257753127884e-16,42.22841121495327,42.228411214953276,1.6826177336941672e-16,0.4512149532710281,0.4512149532710281,0.0
79,2020-03-20,2456,14.9,4.26,16.612899519532068,16.612899519532068,0.0,25.181564654271988,25.181564654271984,-1.4108391307598085e-16,43.30553582619594,43.30553582619594,0.0,0.44443283893879254,0.44443283893879254,0.0
80,2020-03-21,2588,15.7,6.18,15.319921125559583,15.319921125559583,0.0,25.545182263909616,25.545182263909616,0.0,43.434896610530814,43.43489661053081,-1.6358798827849143e-16,0.43129396717117885,0.43129396717117885,0.0
81,2020-03-22,2535,15.1,5.03,15.769569337685587,15.769569337685587,0.0,25.504864694113934,25.504864694113934,0.0,43.62556596820048,43.62556596820048,0.0,0.43804359271348847,0.4380435927134885,1.2672517565521396e-16
82,2020-03-23,2489,15.7,5.15,15.615719557195574,15.615719557195572,-1.1375440195976894e-16,25.17890353189246,25.17890353189246,0.0,43.50537691091196,43.50537691091197,1.6332296975960291e-16,0.42661043753294675,0.42661043753294675,0.0
83,2020-03-24,2801,15.4,4.47,15.878551240448026,15.878551240448024,-1.1187146815228775e-16,25.06207474091908,25.06207474091908,0.0,43.65937401863289,43.65937401863288,-1.627468903830036e-16,0.4339369831466554,0.43393698314665546,1.2792445305934437e-16
84,2020-03-25,2650,15.2,6.34,15.346572709801409,15.346572709801409,0.0,25.568567157804825,25.568567157804825,0.0,43.88486013239376,43.88486013239377,1.619106757128777e-16,0.4617552850736707,0.46175528507367075,1.2021768461708305e-16
85,2020-03-26,2721,16.0,6.55,15.164044943820226,15.164044943820226,0.0,25.375280898876404,25.375280898876404,0.0,43.46067415730337,43.46067415730337,0.0,0.4314606741573034,0.4314606741573033,-1.286586578016132e-16
86,2020-03-27,2496,16.2,4.91,16.003870017877798,16.003870017877798,0.0,25.160269218634973,25.160269218634976,1.412033252875204e-16,42.63586076348722,42.63586076348722,0.0,0.43182248396256173,0.43182248396256173,0.0
87,2020-03-28,2630,15.6,4.36,16.149309912170644,16.14930991217064,-2.199916713545178e-16,25.03584274362192,25.035842743621917,-1.419050964324172e-16,43.21484734420745,43.21484734420744,-1.6442097552737088e-16,0.4324132162275199,0.4324132162275199,0.0
88,2020-03-29,2743,15.7,5.36,15.95322273879966,15.95322273879966,0.0,25.79594251901944,25.79594251901944,0.0,42.550834742180896,42.550834742180896,0.0,0.40974218089602704,0.40974218089602704,0.0
89,2020-03-30,2739,15.5,4.15,15.921439749608764,15.921439749608764,0.0,25.39848721961398,25.398487219613983,1.3987894822558244e-16,43.18007303077725,43.18007303077726,1.645533890722348e-16,0.43197704747000526,0.43197704747000526,0.0
90,2020-03-31,2906,15.7,4.58,16.326388597778244,16.326388597778244,0.0,25.24052609515825,25.24052609515825,0.0,42.733085307063504,42.733085307063504,0.0,0.43289666736533217,0.4328966673653322,1.282318747545603e-16
91,2020-04-01,2808,15.7,5.18,15.380615903817763,15.38061590381776,-1.1549321890024735e-16,25.578053153343173,25.578053153343177,1.3889695425611953e-16,43.341330942839065,43.341330942839065,0.0,0.4267454123602616,0.42674541236026153,-1.300802530582213e-16
92,2020-04-02,2361,15.3,3.79,16.418823407130237,16.418823407130237,0.0,25.11683816651076,25.11683816651076,0.0,43.16433842635901,43.16433842635901,0.0,0.39616463985032746,0.39616463985032746,0.0
93,2020-04-03,2599,15.7,4.98,16.102346874342242,16.102346874342242,0.0,25.382266891180805,25.382266891180805,0.0,42.815386234476954,42.815386234476954,0.0,0.4258471900652494,0.4258471900652494,0.0
94,2020-04-04,2364,15.9,4.66,15.974942311726451,15.974942311726451,0.0,25.431120201384513,25.431120201384516,1.3969945683348566e-16,42.69393748688902,42.69393748688903,1.664270801863385e-16,0.45869519614013005,0.45869519614013005,0.0
95,2020-04-05,2511,16.2,5.78,15.502377414561664,15.502377414561662,-1.1458609166176579e-16,25.17913394183825,25.17913394183825,0.0,43.11848864360008,43.11848864360008,0.0,0.4447038845255784,0.4447038845255784,0.0
96,2020-04-06,2810,16.0,4.9,15.837223974763408,15.837223974763408,0.0,25.226498422712936,25.226498422712936,0.0,42.93627760252366,42.93627760252366,0.0,0.45047318611987386,0.45047318611987386,0.0
97,2020-04-07,2671,15.9,4.37,16.6564258078009,16.6564258078009,0.0,25.063787514378333,25.063787514378333,0.0,42.37978667782077,42.37978667782077,0.0,0.44850988183624385,0.44850988183624385,0.0
98,2020-04-08,2515,15.6,4.03,16.709388350526208,16.709388350526208,0.0,25.07287694071064,25.072876940710643,1.4169549378802984e-16,42.61773470876316,42.61773470876316,0.0,0.43972074606647915,0.43972074606647915,0.0
99,2020-04-09,2450,15.4,4.68,15.744901384809063,15.744901384809063,0.0,25.303671842215696,25.303671842215696,0.0,43.55142677297525,43.55142677297524,-1.6315027736381985e-16,0.4526437263953001,0.4526437263953001,0.0
100,2020-04-10,2456,15.7,6.04,15.458588761174969,15.458588761174969,0.0,25.480204342273307,25.480204342273307,0.0,43.37017879948915,43.370178799489146,-1.6383209740617198e-16,0.46653895274584933,0.4665389527458493,-1.1898502987701855e-16
101,2020-04-11,2628,16.2,5.68,15.23717133163698,15.23717133163698,0.0,25.179092451229856,25.179092451229856,0.0,43.38373621713316,43.38373621713316,0.0,0.4797709923664123,0.47977099236641224,-1.1570343375170683e-16
102,2020-04-12,2449,16.2,4.87,14.543656049616315,14.543656049616315,0.0,25.325869862293704,25.325869862293704,0.0,43.93047408808998,43.93047408808998,0.0,0.46687690528750136,0.4668769052875013,-1.1889890162177594e-16
103,2020-04-13,2727,16.3,5.53,14.21136868847253,14.21136868847253,0.0,25.197713559860276,25.197713559860276,0.0,44.2909177516672,44.290917751667195,-1.60426284175011e-16,0.4341378215306446,0.4341378215306446,0.0
104,2020-04-14,2476,15.8,5.46,14.339115718214513,14.339115718214513,0.0,25.534313518087583,25.534313518087583,0.0,44.3265707636979,44.32657076369791,1.6029724914836247e-16,0.4185953035752062,0.41859530357520625,1.3261293367875665e-16
105,2020-04-15,2518,15.9,5.9,14.57673751328374,14.576737513283739,-1.2186244266122384e-16,25.238937300743892,25.23893730074389,-1.4076320395216435e-16,44.28432518597237,44.284325185972364,-1.604501666845256e-16,0.45580233793836344,0.45580233793836344,0.0
106,2020-04-16,2821,15.9,5.25,15.719377308707125,15.719377308707124,-1.1300427520219317e-16,25.340949868073878,25.340949868073878,0.0,43.039672823219,43.03967282321899,-1.6509018055935995e-16,0.4437994722955145,0.4437994722955145,0.0
107,2020-04-17,2834,15.4,5.21,15.591961177339378,15.591961177339378,0.0,25.409452473889647,25.409452473889647,0.0,43.598586348770965,43.598586348770965,0.0,0.45517459647642156,0.4551745964764215,-1.2195573228598085e-16
108,2020-04-18,2714,15.5,4.53,15.83434586781188,15.834345867811878,-1.1218378417584244e-16,25.57038860374987,25.57038860374987,0.0,43.09526552843825,43.09526552843825,0.0,0.46024929297161415,0.4602492929716141,-1.2061105161693637e-16
109,2020-04-19,2871,15.8,4.87,14.630778934090195,14.630778934090195,0.0,25.738841585199204,25.7388415851992,-1.380292763775136e-16,43.83037948071062,43.83037948071061,-1.621119287987922e-16,0.4514033427940713,0.4514033427940713,0.0
110,2020-04-20,2730,15.4,5.2,15.019177215189872,15.019177215189872,0.0,25.603101265822787,25.603101265822787,0.0,43.97772151898734,43.977721518987344,1.615687923835081e-16,0.4283544303797468,0.4283544303797468,0.0
111,2020-04-21,2803,15.2,5.38,14.680025364616359,14.680025364616359,0.0,25.64075248361868,25.640752483618684,1.3855730954347975e-16,44.47922215176495,44.47922215176496,1.5974711368281103e-16,0.439146057915874,0.439146057915874,0.0
112,2020-04-22,2728,15.6,4.85,14.325380977404098,14.325380977404098,0.0,25.83003678402522,25.830036784025225,1.3754195197266244e-16,44.24458223857068,44.24458223857068,0.0,0.49673147661586975,0.49673147661586975,0.0
113,2020-04-23,2583,15.3,3.93,14.732351410429898,14.732351410429898,0.0,25.761777870302907,25.761777870302904,-1.3790638583589061e-16,44.2058707192672,44.2058707192672,0.0,0.5378057666285001,0.5378057666285001,0.0
114,2020-04-24,2401,14.7,5.0,14.68057894736842,14.68057894736842,0.0,25.778557894736846,25.778557894736842,-1.378166184977264e-16,44.84086315789473,44.84086315789473,0.0,0.49384210526315786,0.4938421052631579,1.1240667946220812e-16
115,2020-04-25,2354,15.0,5.75,14.880636604774535,14.880636604774535,0.0,25.5946949602122,25.594694960212202,1.3880664271730186e-16,44.52466843501326,44.52466843501326,0.0,0.5411140583554377,0.5411140583554377,0.0
116,2020-04-26,2357,14.6,5.27,15.379752982159822,15.379752982159824,1.1549969895230344e-16,25.43158450332524,25.431584503325244,1.3969690635422166e-16,44.58866251451494,44.588662514514944,1.593550233826362e-16,0.4597698722685527,0.45976987226855276,1.2073681765479758e-16
117,2020-04-27,2644,15.1,4.85,15.516668418286915,15.516668418286915,0.0,25.242469784550707,25.24246978455071,1.4074350525616508e-16,44.14086179716238,44.14086179716237,-1.6097165003828217e-16,0.4461376773515502,0.4461376773515502,0.0
118,2020-04-28,2616,14.1,3.64,16.62551888750519,16.62551888750519,0.0,25.397374429223746,25.397374429223746,0.0,43.87710668327107,43.87710668327107,0.0,0.47246782897467837,0.47246782897467837,0.0
119,2020-04-29,2821,14.5,4.16,15.228349332220368,15.228349332220366,-1.1664802275331366e-16,25.91584933222037,25.915849332220365,-1.3708652312558103e-16,44.355801335559256,44.35580133555926,1.6019161290418864e-16,0.5174248747913188,0.5174248747913188,0.0
120,2020-04-30,2774,14.9,5.08,15.564011799410027,15.564011799410029,1.1413232412658446e-16,25.847376738305936,25.84737673830594,1.3744968066857486e-16,43.68861146228402,43.68861146228402,0.0,0.5020648967551622,0.5020648967551623,2.211313779952574e-16
121,2020-05-01,2975,15.2,5.37,16.174997358131673,16.174997358131673,0.0,25.297516643770475,25.297516643770475,0.0,43.327485998097856,43.327485998097856,0.0,0.49286695551093734,0.4928669555109374,1.126290789239693e-16
122,2020-05-02,2705,15.3,6.35,15.429599572877734,15.429599572877734,0.0,25.902915109450078,25.90291510945008,1.371549751751445e-16,43.367485317672184,43.367485317672184,0.0,0.5155258942872396,0.5155258942872397,2.1535737330132342e-16
123,2020-05-03,2912,15.6,6.92,14.090846583584014,14.090846583584014,0.0,26.150580146110872,26.150580146110876,1.3585601768490257e-16,44.15857327030512,44.15857327030512,0.0,0.5168457241082939,0.516845724108294,2.1480743147108503e-16
124,2020-05-04,2782,16.0,4.91,14.310653065516878,14.310653065516878,0.0,25.953517720054684,25.953517720054684,0.0,43.735829214428435,43.735829214428435,0.0,0.49468924177095386,0.49468924177095386,0.0
125,2020-05-05,2991,15.4,6.55,14.801605136436597,14.801605136436597,0.0,25.837174959871586,25.837174959871586,0.0,43.961219903691806,43.96121990369181,1.616294400648399e-16,0.5069662921348315,0.5069662921348315,0.0
126,2020-05-06,4365,15.3,5.68,15.553477523324855,15.553477523324855,0.0,25.476452502120445,25.476452502120445,0.0,43.670069974554714,43.670069974554714,0.0,0.44900339270568285,0.44900339270568285,0.0
127,2020-05-07,5005,15.3,5.89,15.858187227712254,15.858187227712254,0.0,25.37129954308788,25.37129954308788,0.0,43.470513229199874,43.470513229199874,0.0,0.45900541919030924,0.45900541919030924,0.0
128,2020-05-08,5159,14.7,6.17,15.636363636363635,15.636363636363635,0.0,25.645454545454548,25.645454545454545,-1.3853190523504257e-16,44.018181818181816,44.018181818181816,0.0,0.44545454545454544,0.44545454545454544,0.0
129,2020-05-09,4915,14.1,5.02,15.962676352916402,15.962676352916402,0.0,25.902042535270585,25.90204253527058,-1.371595955787194e-16,44.03528111181301,44.03528111181301,0.0,0.4612444725205307,0.46124447252053064,-1.2035082161073906e-16
130,2020-05-10,4648,14.2,5.24,16.451941747572814,16.451941747572818,2.1594494639665495e-16,25.91384550443225,25.91384550443225,0.0,43.434212747994934,43.43421274799493,-1.6359056393692807e-16,0.4798860278598565,0.47988602785985646,-1.1567569799608548e-16
131,2020-05-11,4135,14.4,5.37,15.757708971784847,15.757708971784847,0.0,25.563309732642928,25.563309732642928,0.0,44.27898129557223,44.27898129557223,0.0,0.4432421008136954,0.4432421008136954,0.0
132,2020-05-12,4505,14.0,4.71,15.423863994123202,15.4238639941232,-1.151693790918461e-16,25.9110085003673,25.9110085003673,0.0,44.665127505509496,44.665127505509496,0.0,0.41515374121104,0.41515374121103993,-1.3371227504617185e-16
133,2020-05-13,5333,14.7,5.23,14.635201012978792,14.635201012978792,0.0,25.742112482853223,25.742112482853226,1.3801173781549425e-16,44.922686504167984,44.922686504167984,0.0,0.4320354542576765,0.4320354542576765,0.0
134,2020-05-14,5299,15.4,6.89,14.73753624744925,14.73753624744925,0.0,25.595338846525614,25.595338846525614,0.0,44.267124906025124,44.267124906025124,0.0,0.44521533669852853,0.4452153366985286,1.2468382523139907e-16
135,2020-05-15,4581,15.7,7.35,14.885569347004855,14.885569347004855,0.0,25.27635186184565,25.276351861845654,1.405548434449229e-16,44.13807879114948,44.13807879114948,0.0,0.43674042093901777,0.43674042093901777,0.0
136,2020-05-16,4762,15.6,6.43,14.891995297638134,14.891995297638136,1.1928266185270554e-16,25.427337821951486,25.427337821951486,0.0,44.08066688041039,44.08066688041039,0.0,0.46903922197285464,0.46903922197285464,0.0
137,2020-05-17,4442,16.1,6.51,14.16132206653118,14.16132206653118,0.0,25.262434484971653,25.262434484971656,1.40632276786862e-16,44.47624344849718,44.47624344849717,-1.5975781241122532e-16,0.45768531393731954,0.45768531393731954,0.0
138,2020-05-18,4145,15.5,5.42,15.286477056460138,15.286477056460141,2.324089236309099e-16,25.319623599069573,25.319623599069573,0.0,43.8938993444703,43.8938993444703,0.0,0.4377775428208924,0.4377775428208924,0.0
139,2020-05-19,4687,14.6,5.03,15.259955775508056,15.259955775508056,0.0,26.023754869958935,26.02375486995894,1.3651810419186088e-16,44.11628935453301,44.116289354533016,1.6106131004127412e-16,0.4676002948299463,0.46760029482994636,1.1871496199857134e-16
140,2020-05-20,5082,15.3,5.93,14.94652918039758,14.94652918039758,0.0,25.634197937705967,25.634197937705967,0.0,44.119272881896464,44.119272881896464,0.0,0.46820452854257477,0.4682045285425747,-1.1856175634194038e-16
141,2020-05-21,5526,15.2,5.8,14.088322717622079,14.088322717622079,0.0,25.76407643312102,25.764076433121016,-1.378940824066687e-16,44.947600849256894,44.947600849256894,0.0,0.4861146496815287,0.4861146496815286,-1.141935369930225e-16
142,2020-05-22,6113,15.0,6.26,14.127373586515896,14.127373586515896,0.0,26.005973970556862,26.00597397055686,-1.3661144484812493e-16,44.86665244292725,44.86665244292724,-1.5836767333242614e-16,0.43524642628547044,0.43524642628547044,0.0
143,2020-05-23,5380,14.3,6.61,14.324627904486562,14.324627904486562,0.0,26.235817539351107,26.23581753935111,1.3541463586838052e-16,45.139554556162324,45.13955455616233,1.5741022319483631e-16,0.4312988542670521,0.43129885426705217,1.287069295038896e-16
144,2020-05-24,4716,15.3,7.23,13.439517085264635,13.439517085264635,0.0,25.692120297509973,25.692120297509973,0.0,45.56836261722539,45.5683626172254,1.559289592493513e-16,0.44737522906111893,0.44737522906111893,0.0
145,2020-05-25,4520,16.6,6.86,13.511981962636892,13.511981962636892,0.0,24.982392097917113,24.982392097917113,0.0,44.905625939446,44.905625939446,0.0,0.41189607043160836,0.41189607043160836,0.0
146,2020-05-26,4589,16.3,6.65,14.937782538832352,14.937782538832353,1.1891703703561236e-16,24.70203535083021,24.70203535083021,0.0,44.06018211033744,44.06018211033744,0.0,0.4214140332083557,0.4214140332083557,0.0
147,2020-05-27,5660,16.2,6.91,13.881147276828873,13.881147276828873,0.0,24.881641422279515,24.88164142227951,-1.4278453814623865e-16,45.03721130089161,45.037211300891606,-1.577679246197096e-16,0.41409388763562144,0.41409388763562144,0.0
148,2020-05-28,4302,16.0,7.4,12.935637149028077,12.935637149028077,0.0,25.726133909287256,25.726133909287256,0.0,45.33822894168466,45.33822894168466,0.0,0.4444924406047516,0.4444924406047516,0.0
149,2020-05-29,4841,15.9,7.17,13.344748464935904,13.344748464935904,0.0,25.575169664978993,25.575169664978993,0.0,45.18008187008509,45.1800818700851,1.5726902350537107e-16,0.46203813422385004,0.46203813422385004,0.0
150,2020-05-30,2567,15.9,8.02,12.4074472711459,12.4074472711459,0.0,25.50978473581213,25.50978473581213,0.0,46.182767993041956,46.182767993041956,0.0,0.4571646010002174,0.4571646010002174,0.0
151,2020-05-31,2458,15.9,7.02,13.060916326091629,13.06091632609163,1.360055294016121e-16,25.4253710475371,25.4253710475371,0.0,45.61371262637125,45.61371262637126,1.5577393175167784e-16,0.4522477952247795,0.4522477952247795,0.0
152,2020-06-01,2471,18.4,8.47,12.231530645689936,12.231530645689936,0.0,25.042543428384132,25.042543428384135,1.4186712659440676e-16,44.32592592592592,44.32592592592592,0.0,0.41901016060308094,0.4190101606030809,-1.3248163517409858e-16
153,2020-06-02,2615,17.8,9.33,11.477357450093747,11.477357450093747,0.0,25.41155839858829,25.41155839858829,0.0,45.311084151317964,45.311084151317964,0.0,0.3716995698687548,0.37169956986875485,1.493441363164841e-16
154,2020-06-03,2861,18.3,8.98,10.96873214678093,10.968732146780928,-1.6194732587408203e-16,25.222698308064164,25.222698308064164,0.0,45.50856954515492,45.50856954515491,-1.56133832124756e-16,0.4039222148978247,0.4039222148978247,0.0
155,2020-06-04,2585,18.2,10.0,11.261133333333333,11.261133333333333,0.0,25.012622222222223,25.01262222222222,-1.4203683433255257e-16,45.526244444444444,45.526244444444444,0.0,0.39082222222222224,0.3908222222222222,-1.4203683433255257e-16
156,2020-06-05,2693,18.5,9.64,11.148074369189906,11.148074369189906,0.0,25.308654271801682,25.308654271801682,0.0,45.04327135900841,45.04327135900841,0.0,0.39685701637892873,0.39685701637892873,0.0
157,2020-06-06,2434,17.7,7.77,10.681242545809388,10.68124254580939,1.663061981583009e-16,25.72600021684918,25.72600021684918,0.0,45.89275723734142,45.89275723734143,1.548267697417742e-16,0.4193971592757237,0.4193971592757237,0.0
158,2020-06-07,2140,17.8,8.46,12.553594057242739,12.553594057242737,-1.4150185447293394e-16,25.152086519554295,25.1520865195543,1.412492628012579e-16,44.494319423202974,44.494319423202974,0.0,0.4130653266331659,0.4130653266331659,0.0
159,2020-06-08,2326,18.0,8.72,11.938869412795793,11.938869412795793,0.0,25.14439088518843,25.14439088518843,0.0,44.916739702015775,44.916739702015775,0.0,0.42221735319894826,0.42221735319894826,0.0
160,2020-06-09,2449,18.1,8.52,11.96986226497595,11.969862264975951,1.48402446083102e-16,25.613893747267163,25.613893747267163,0.0,44.316243987756884,44.31624398775689,1.6033460235402614e-16,0.4028749453432445,0.4028749453432445,0.0
161,2020-06-10,2592,16.3,8.44,13.328374836173001,13.328374836173001,0.0,25.82486893840105,25.82486893840105,0.0,44.54675622542595,44.546756225425945,-1.5950493278667588e-16,0.4205111402359109,0.4205111402359109,0.0
162,2020-06-11,2552,16.3,8.06,13.69206003915597,13.69206003915597,0.0,25.46322601696759,25.46322601696759,0.0,44.544713943876445,44.544713943876445,0.0,0.4733956928431586,0.47339569284315863,1.1726163138043022e-16
163,2020-06-12,2653,16.8,9.07,13.743143077092268,13.743143077092268,0.0,25.143912900032994,25.143912900032994,0.0,44.31294402287474,44.31294402287474,0.0,0.45749477620147366,0.45749477620147366,0.0
164,2020-06-13,2650,16.4,8.76,12.607803594914513,12.607803594914511,-1.408934415917426e-16,25.527137220517318,25.527137220517314,-1.3917399542730643e-16,45.46505918456816,45.46505918456817,1.5628325322872865e-16,0.4856203419552828,0.48562034195528275,-1.1430977336688553e-16
165,2020-06-14,2349,17.3,9.46,10.924364921581624,10.924364921581624,0.0,25.26487740225315,25.264877402253152,1.406186787387168e-16,46.510757676165234,46.51075767616524,1.527695465008997e-16,0.42930196598188647,0.4293019659818865,1.2930560684550886e-16
166,2020-06-15,2362,17.2,8.44,12.271690694626475,12.271690694626473,-1.4475241298072165e-16,25.483879423328965,25.48387942332896,-1.3941023734197254e-16,45.04442988204456,45.04442988204456,0.0,0.37981651376146786,0.37981651376146786,0.0
167,2020-06-16,2096,18.5,8.5,12.6748087431694,12.674808743169399,-1.4014861094906458e-16,25.18928961748634,25.189289617486338,-1.410406459551053e-16,43.63590163934426,43.63590163934426,0.0,0.4008196721311476,0.40081967213114755,-1.3849407873647144e-16
168,2020-06-17,2127,17.8,8.17,12.684024828487424,12.684024828487424,0.0,25.135315256452138,25.13531525645214,1.413435098208499e-16,44.38065991506044,44.38065991506044,0.0,0.42071218556027445,0.42071218556027445,0.0
169,2020-06-18,3640,17.4,8.0,12.461826086956522,12.46182608695652,-1.4254386371669224e-16,25.04934782608695,25.049347826086954,1.4182858984857984e-16,45.088826086956516,45.088826086956516,0.0,0.4399347826086956,0.4399347826086956,0.0
170,2020-06-19,2066,17.7,8.54,12.615853925213207,12.615853925213205,-1.408035357678121e-16,25.46566805160726,25.465668051607256,-1.3950993437913256e-16,44.21847802317953,44.21847802317952,-1.6068909820632687e-16,0.3959326481521976,0.39593264815219764,1.4020352070061974e-16
171,2020-06-20,2159,15.7,7.39,13.189795918367349,13.189795918367347,-1.3467659775740718e-16,25.806122448979593,25.806122448979593,0.0,45.30408163265306,45.304081632653066,1.5683856954027167e-16,0.4187236799481697,0.4187236799481698,1.325722759174477e-16
172,2020-06-21,2203,16.6,6.9,13.311750805585394,13.311750805585392,-1.3344276536899415e-16,25.217078410311494,25.217078410311494,0.0,44.87117078410312,44.87117078410312,0.0,0.42998925886143935,0.42998925886143935,0.0
173,2020-06-22,2141,17.5,8.74,13.090072320841552,13.090072320841552,0.0,25.050131492439185,25.050131492439185,0.0,44.359796186719265,44.359796186719265,0.0,0.415844838921762,0.415844838921762,0.0
174,2020-06-23,2294,17.6,8.79,13.01813397653766,13.01813397653766,0.0,25.015414976428026,25.015414976428023,-1.4202097715141707e-16,44.36645104703432,44.36645104703432,0.0,0.42460256550816794,0.42460256550816794,0.0
175,2020-06-24,1932,17.1,8.28,13.214108155255126,13.214108155255126,0.0,25.352649367640648,25.352649367640648,0.0,44.33324247710423,44.333242477104235,1.6027312600179378e-16,0.4157653728739643,0.4157653728739643,0.0
176,2020-06-25,2085,17.4,8.33,13.209512381367949,13.20951238136795,1.3447558003017632e-16,25.292702083560595,25.2927020835606,1.4046398313091448e-16,44.097785535071445,44.09778553507145,1.6112889278646381e-16,0.42349732736991375,0.4234973273699138,1.3107792574749899e-16
177,2020-06-26,2303,17.1,8.13,13.436170675955154,13.436170675955156,1.3220707612617257e-16,25.094688146293674,25.094688146293677,1.4157233826096437e-16,44.36914117775117,44.369141177751175,1.601434503574301e-16,0.3880156743224121,0.38801567432241213,1.4306419793013877e-16
178,2020-06-27,2577,15.3,7.63,14.423849734762369,14.423849734762369,0.0,25.363234816498863,25.363234816498863,0.0,44.912915448738765,44.912915448738765,0.0,0.41263397206885355,0.41263397206885355,0.0
179,2020-06-28,1999,14.9,7.24,15.917259594652869,15.917259594652867,-1.115994137581941e-16,25.37587322121604,25.37587322121604,0.0,43.806867184131086,43.806867184131086,0.0,0.4495364381198792,0.4495364381198792,0.0
180,2020-06-29,2191,15.3,6.69,16.084921230307575,16.084921230307575,0.0,25.162190547636907,25.16219054763691,1.4119254331511897e-16,43.45288822205551,43.45288822205551,0.0,0.40847711927981994,0.40847711927982,1.3589782294080199e-16
181,2020-06-30,2289,15.7,7.12,16.31905684754522,16.31905684754522,0.0,25.14114987080103,25.141149870801033,1.4131070762704565e-16,42.83979328165375,42.83979328165375,0.0,0.3902777777777777,0.3902777777777778,1.422349782437923e-16
182,2020-07-01,2651,15.0,7.41,15.707419807754615,15.707419807754615,0.0,25.365050221406197,25.365050221406197,0.0,43.92752997083918,43.92752997083918,0.0,0.4131115671238795,0.4131115671238795,0.0
183,2020-07-02,2630,14.8,6.89,15.345333476533133,15.345333476533133,0.0,25.45659972076039,25.456599720760394,1.3955963159931327e-16,44.39806680270648,44.39806680270648,0.0,0.4026205563312211,0.4026205563312212,1.37874607638242e-16
184,2020-07-03,2646,15.1,7.09,14.885598966742009,14.885598966742009,0.0,25.35760413303197,25.35760413303197,0.0,44.65679690022603,44.65679690022603,0.0,0.3837907652567001,0.3837907652567001,0.0
185,2020-07-04,2787,16.0,7.33,13.959210100356103,13.959210100356103,0.0,25.362253156361284,25.36225315636128,-1.400787878307815e-16,44.67853674328261,44.67853674328261,0.0,0.39883457429588864,0.3988345742958886,-1.3918339785174953e-16
186,2020-07-05,2403,15.6,7.89,15.018087069807839,15.01808706980784,1.1828116531375122e-16,25.436369558137013,25.436369558137013,0.0,43.945543372055155,43.945543372055155,0.0,0.3756812506785365,0.3756812506785365,0.0
187,2020-07-06,2510,16.4,7.43,14.792783839256776,14.792783839256778,1.2008266048518822e-16,24.871383817651505,24.871383817651505,0.0,43.93583234309171,43.93583234309171,0.0,0.40639516041914225,0.4063951604191423,1.3659402630190158e-16
188,2020-07-07,2712,15.1,6.65,15.697632565613286,15.697632565613288,1.1316081147748858e-16,25.365409748259246,25.365409748259246,0.0,43.836957686127484,43.83695768612749,1.620876021660957e-16,0.40017139796464923,0.40017139796464923,0.0
189,2020-07-08,2664,15.1,7.09,14.684565708750405,14.684565708750405,0.0,25.48553438811754,25.485534388117536,-1.3940118440117661e-16,44.72989990313207,44.72989990313207,0.0,0.3837907652567001,0.3837907652567001,0.0
190,2020-07-09,2524,16.1,7.67,15.038936423697608,15.038936423697608,0.0,25.388995992635117,25.388995992635117,0.0,43.47206758366729,43.47206758366728,-1.6344811168518132e-16,0.4452615617892343,0.44526156178923426,-1.2467088110680925e-16
191,2020-07-10,2584,16.5,7.92,15.461283666377064,15.461283666377064,0.0,25.236804952215465,25.236804952215465,0.0,42.80191138140748,42.80191138140747,-1.6600724426263577e-16,0.4715464813205908,0.4715464813205908,0.0
192,2020-07-11,2443,15.6,7.2,14.733620689655172,14.733620689655172,0.0,25.410948275862076,25.410948275862072,-1.3981035419190682e-16,44.255431034482754,44.25543103448276,1.605549238027899e-16,0.4001724137931035,0.4001724137931035,0.0
193,2020-07-12,2117,15.2,7.26,14.401552728056933,14.401552728056933,0.0,25.611904248436492,25.611904248436492,0.0,44.78654302350658,44.786543023506574,-1.586509446346788e-16,0.4023290920854,0.4023290920854,0.0
194,2020-07-13,2362,15.3,7.19,14.428477534748412,14.42847753474841,-1.2311464152210184e-16,25.562407068203857,25.562407068203857,0.0,44.70911539704773,44.70911539704773,0.0,0.37417304169809285,0.37417304169809285,0.0
195,2020-07-14,2392,16.4,7.4,14.553261339092874,14.553261339092874,0.0,25.558488120950326,25.558488120950322,-1.3900327992751405e-16,43.4882505399568,43.4882505399568,0.0,0.37917926565874727,0.37917926565874727,0.0
196,2020-07-15,2128,15.3,6.94,15.67304964539007,15.67304964539007,0.0,25.739479905437353,25.739479905437353,0.0,43.28747044917258,43.28747044917258,0.0,0.3822695035460993,0.3822695035460993,0.0
197,2020-07-16,2164,15.8,6.51,14.392084714942776,14.392084714942776,0.0,25.821093165044392,25.821093165044392,0.0,43.986822120012846,43.98682212001284,-1.6153536480118258e-16,0.369258744250722,0.369258744250722,0.0
198,2020-07-17,2372,15.0,6.91,14.53647008271565,14.53647008271565,0.0,26.14190568267268,26.14190568267268,0.0,44.32162423461166,44.32162423461166,0.0,0.38349983886561384,0.3834998388656139,1.4474882543747317e-16
199,2020-07-18,2493,16.2,7.4,14.805269978401727,14.805269978401727,0.0,25.40244060475162,25.40244060475162,0.0,43.592289416846654,43.592289416846654,0.0,0.38913606911447085,0.38913606911447085,0.0
200,2020-07-19,1878,16.2,7.34,15.329268292682926,15.329268292682926,0.0,25.033282969997842,25.033282969997842,0.0,43.43744873731923,43.43744873731923,0.0,0.4069717245845025,0.4069717245845025,0.0
201,2020-07-20,2784,15.7,7.38,13.816389548693586,13.816389548693586,0.0,25.65770891816022,25.657708918160225,1.3846574104229284e-16,44.82590153314618,44.82590153314619,1.58511644263238e-16,0.4095767652774779,0.4095767652774779,0.0
202,2020-07-21,2352,16.5,7.64,13.787083152880035,13.787083152880035,0.0,25.25974447812906,25.25974447812906,0.0,44.453172368990906,44.453172368990906,0.0,0.3977912516240797,0.3977912516240797,0.0
203,2020-07-22,2297,15.9,7.7,14.423651137594799,14.423651137594799,0.0,25.37578548212351,25.37578548212351,0.0,44.30056338028169,44.30056338028169,0.0,0.3917984832069339,0.3917984832069339,0.0
204,2020-07-23,2387,16.1,8.31,13.368731595593848,13.36873159559385,1.3287399980307132e-16,25.62111462536809,25.621114625368094,1.3866350979449084e-16,44.91015377903806,44.91015377903807,1.5821427360414606e-16,0.37516632130003275,0.37516632130003275,0.0
205,2020-07-24,2320,16.0,7.83,13.898231528696973,13.898231528696973,0.0,25.39958771834653,25.399587718346535,1.398728876309405e-16,44.702180752956494,44.70218075295649,-1.5895035181546633e-16,0.41011175002712386,0.4101117500271238,-1.35356158967858e-16
206,2020-07-25,2067,15.8,7.29,14.158968827526698,14.158968827526698,0.0,25.56606622802287,25.56606622802287,0.0,44.47496494445044,44.47496494445044,0.0,0.39961169237406974,0.39961169237406974,0.0
207,2020-07-26,2191,15.8,7.52,13.848205017301037,13.848205017301039,1.282734359565725e-16,25.66606833910035,25.66606833910035,0.0,44.68572664359861,44.68572664359861,0.0,0.40971020761245674,0.4097102076124568,1.3548881672912968e-16
208,2020-07-27,2007,15.0,7.76,14.81786643538595,14.817866435385948,-1.1987939337597242e-16,25.498156981786646,25.498156981786646,0.0,44.68397658282741,44.68397658282741,0.0,0.3962489158716392,0.3962489158716392,0.0
209,2020-07-28,2508,14.9,8.06,14.356112682184031,14.356112682184033,1.2373522545589333e-16,25.741037633239067,25.741037633239067,0.0,45.0028496845769,45.002849684576894,-1.578883872333118e-16,0.40726560800522077,0.40726560800522077,0.0
210,2020-07-29,2239,13.9,7.78,14.779472999349382,14.77947299934938,-1.201908105572133e-16,26.113825634352633,26.113825634352633,0.0,45.20670136629798,45.20670136629798,0.0,0.3827911515940143,0.3827911515940143,0.0
211,2020-07-30,2521,13.9,7.94,13.664142950249834,13.664142950249834,0.0,26.29950032587443,26.29950032587443,0.0,46.13635672387572,46.13635672387573,1.540092859981707e-16,0.43021942211601133,0.4302194221160113,-1.2902985866660594e-16
212,2020-07-31,2552,15.2,7.86,13.979943564141522,13.979943564141523,1.270646645496192e-16,25.539396570436292,25.539396570436292,0.0,45.28065986542218,45.28065986542219,1.5691969548851348e-16,0.4233557629693944,0.4233557629693944,0.0
213,2020-08-01,3812,15.4,7.94,14.087747121442536,14.087747121442536,0.0,25.87807951336085,25.87807951336085,0.0,44.63417336519661,44.63417336519661,0.0,0.42272431023245705,0.42272431023245705,0.0
214,2020-08-02,4840,14.9,7.78,14.515538928648883,14.515538928648882,-1.2237622372355106e-16,25.976631967035345,25.976631967035345,0.0,44.60782910431577,44.60782910431576,-1.5928655351025718e-16,0.4060290609412275,0.4060290609412275,0.0
215,2020-08-03,4874,15.2,8.24,13.270793374019178,13.27079337401918,1.3385460758343982e-16,26.061028770706184,26.061028770706187,1.3632284857434015e-16,45.468177855274625,45.46817785527463,1.5627253373156063e-16,0.39738448125544895,0.39738448125544895,0.0
216,2020-08-04,4643,16.3,8.39,13.357646545136994,13.357646545136992,-1.329842673556109e-16,25.673725575810504,25.6737255758105,-1.3837935862911255e-16,44.66862787905251,44.66862787905251,0.0,0.4294181857875778,0.42941818578757773,-1.2927061095339305e-16
217,2020-08-05,5196,16.3,8.09,13.159231857251658,13.15923185725166,1.3498940201599635e-16,25.93598085083234,25.935980850832337,-1.3698011651201873e-16,44.60478729191601,44.604787291916004,-1.5929741601724353e-16,0.44623000761614623,0.44623000761614623,0.0
218,2020-08-06,4567,16.7,8.36,13.489436927106068,13.489436927106068,0.0,25.342688782191182,25.342688782191182,0.0,44.46787429070275,44.46787429070275,0.0,0.39995635093845483,0.39995635093845483,0.0
219,2020-08-07,4418,15.4,7.71,13.410965435041716,13.410965435041716,0.0,25.969422472640588,25.969422472640584,-1.3680372301476363e-16,45.21961209231768,45.21961209231769,1.5713154157746826e-16,0.449171091125799,0.44917109112579906,1.2358576125664076e-16
220,2020-08-08,4196,16.5,8.55,12.801202843083653,12.80120284308365,-1.387648380526988e-16,26.131984691088025,26.131984691088025,0.0,44.56681246582832,44.56681246582832,0.0,0.4017495899398579,0.4017495899398578,-1.3817351061781512e-16
221,2020-08-09,3857,17.8,8.08,12.81468668407311,12.814686684073108,-1.3861882722486046e-16,25.531005221932112,25.531005221932116,1.3915291027196154e-16,43.85430809399478,43.854308093994774,-1.6202347423590953e-16,0.39347258485639686,0.39347258485639686,0.0
222,2020-08-10,3639,16.1,8.89,11.741027329601582,11.74102732960158,-1.5129483898923255e-16,26.19860608056196,26.19860608056196,0.0,45.960366589836454,45.96036658983646,1.5459901399420683e-16,0.34992865766655695,0.3499286576665569,-1.586356247625588e-16
223,2020-08-11,3911,16.7,8.92,11.761506368028105,11.761506368028106,1.510314056564226e-16,25.864339042599916,25.864339042599912,-1.3735953866630793e-16,45.67415458937197,45.67415458937198,1.5556779148911452e-16,0.4115612648221344,0.4115612648221344,0.0
224,2020-08-12,4454,16.3,8.57,12.578344088373619,12.578344088373619,0.0,25.78835174450399,25.78835174450399,0.0,45.33330416712239,45.33330416712239,0.0,0.4211090451711692,0.4211090451711692,0.0
225,2020-08-13,4105,17.5,9.22,11.387144745538663,11.387144745538663,0.0,25.53701255783212,25.53701255783212,0.0,45.575842696629216,45.57584269662921,-1.5590336759975079e-16,0.40895571711830797,0.40895571711830797,0.0
226,2020-08-14,4754,16.8,7.99,12.38821867188349,12.38821867188349,0.0,25.599304423432233,25.599304423432233,0.0,45.21247690468427,45.21247690468427,0.0,0.4069122921421585,0.40691229214215846,-1.364204333543812e-16
227,2020-08-15,4608,16.8,8.14,12.444676681907252,12.44467668190725,-1.427402964982461e-16,25.677335075114307,25.677335075114307,0.0,45.07798824297845,45.07798824297845,0.0,0.40757674722403664,0.4075767472240366,-1.3619803290874313e-16
228,2020-08-16,5419,17.8,9.35,10.963022614451186,10.963022614451186,0.0,25.77081081081081,25.77081081081081,0.0,45.466166574738,45.466166574738,0.0,0.3899172642029785,0.38991726420297845,-1.4236648727192673e-16
229,2020-08-17,4924,15.6,8.4,12.28222707423581,12.28222707423581,0.0,26.029475982532755,26.029475982532755,0.0,46.08829694323145,46.08829694323145,0.0,0.4054148471615721,0.4054148471615721,0.0
230,2020-08-18,4378,17.0,9.19,11.443233124105273,11.443233124105275,1.552320764713199e-16,25.70157471644092,25.70157471644092,0.0,45.85519215945381,45.85519215945381,0.0,0.39301839004514916,0.3930183900451492,1.4124313934745094e-16
231,2020-08-19,5030,16.0,8.94,11.761475949923128,11.761475949923128,0.0,26.087414891280474,26.087414891280474,0.0,46.1511091587964,46.151109158796395,-1.5396005615277196e-16,0.40588622886009224,0.40588622886009224,0.0
232,2020-08-20,4592,15.6,7.97,12.91265891557101,12.912658915571011,1.3756708444131457e-16,26.017907204172555,26.017907204172555,0.0,45.469433880256446,45.46943388025644,-1.5626821693696722e-16,0.4218624361621211,0.4218624361621211,0.0
233,2020-08-21,4127,15.9,8.88,12.515320456540824,12.515320456540824,0.0,25.935140474100088,25.935140474100084,-1.3698455508071719e-16,45.649539069359086,45.64953906935908,-1.556516780334878e-16,0.4337906057945565,0.4337906057945565,0.0
234,2020-08-22,4817,15.8,9.07,11.991531947652037,11.991531947652039,1.4813427067990795e-16,25.992455735180908,25.992455735180908,0.0,46.21601231716704,46.21601231716705,1.5374384334240093e-16,0.44447377103266245,0.44447377103266245,0.0
235,2020-08-23,4064,15.5,8.75,12.816219178082193,12.816219178082191,-1.3860225193699151e-16,25.98710684931507,25.987106849315065,-1.3671062728916814e-16,45.69945205479452,45.69945205479452,0.0,0.43523287671232874,0.43523287671232874,0.0
236,2020-08-24,4563,14.9,7.78,13.140576881370635,13.140576881370635,0.0,25.930492301019303,25.9304923010193,-1.3700911026131374e-16,46.02893081761006,46.02893081761006,0.0,0.46139666016048575,0.46139666016048575,0.0
237,2020-08-25,3666,14.6,7.96,12.758039982616253,12.758039982616253,0.0,26.26764450239026,26.267644502390265,1.3525056190238972e-16,46.374315514993484,46.37431551499348,-1.532190239078292e-16,0.43609300304215554,0.43609300304215554,0.0
238,2020-08-26,2207,14.9,7.35,13.465364274150026,13.465364274150026,0.0,26.140809498111167,26.14080949811117,1.3590679657633426e-16,45.49382622773879,45.4938262277388,1.5618443087270232e-16,0.4316999460334591,0.4316999460334592,1.2858734809050777e-16
239,2020-08-27,2180,15.2,7.68,13.107625649913347,13.107625649913345,-1.3552087058665685e-16,26.086655112651645,26.086655112651645,0.0,45.60571923743501,45.60571923743501,0.0,0.4317157712305026,0.4317157712305026,0.0
240,2020-08-28,2305,16.3,8.58,13.367096915335813,13.367096915335813,0.0,25.809483701597024,25.809483701597028,1.3765148190781778e-16,44.523419383067164,44.523419383067164,0.0,0.42115510829140235,0.42115510829140235,0.0
241,2020-08-29,2175,14.6,7.09,12.886750618878485,12.886750618878485,0.0,26.370961145194276,26.37096114519428,1.3472067473156668e-16,46.14228823592725,46.142288235927246,-1.53989488368472e-16,0.42281778064793896,0.42281778064793896,0.0
242,2020-08-30,2028,14.9,7.13,13.460956175298803,13.460956175298803,0.0,25.968924302788842,25.96892430278884,-1.3680634736260406e-16,45.67011952191235,45.67011952191235,0.0,0.42151394422310756,0.4215139442231075,-1.3169469715544155e-16
243,2020-08-31,2759,15.0,7.3,13.387270765911543,13.387270765911543,0.0,25.903451995685003,25.903451995685007,1.3715213244135616e-16,45.70927723840345,45.70927723840345,0.0,0.4309600862998921,0.43096008629989213,1.2880810310732418e-16
244,2020-09-01,2694,14.9,8.08,12.794625761531766,12.794625761531766,0.0,24.996736292428196,24.996736292428196,0.0,46.09583333333333,46.09583333333333,0.0,0.44438642297650127,0.44438642297650127,0.0
245,2020-09-02,2868,14.2,7.28,12.261108714408973,12.261108714408973,0.0,24.88311044003451,24.88311044003451,0.0,46.50893011216566,46.50893011216566,0.0,0.44417601380500427,0.44417601380500427,0.0
246,2020-09-03,2328,14.7,6.66,12.391986286693806,12.391986286693808,1.4334722443226527e-16,24.391011356331692,24.391011356331692,0.0,45.7023034068995,45.7023034068995,0.0,0.42037711592029137,0.4203771159202914,1.3205083989820087e-16
247,2020-09-04,2365,15.3,6.48,13.322679640718565,13.322679640718565,0.0,24.743413173652694,24.743413173652698,1.4358219918436738e-16,45.35688622754491,45.35688622754491,0.0,0.4347305389221557,0.43473053892215574,1.2769094016005587e-16
248,2020-09-05,1818,14.4,6.37,13.494136494713233,13.494136494713233,0.0,24.28213179536473,24.282131795364734,1.4630979309150634e-16,45.99525793015059,45.99525793015059,0.0,0.44797607604400297,0.44797607604400297,0.0
249,2020-09-06,2839,14.9,6.07,13.281869477270307,13.281869477270307,0.0,23.845757478973702,23.845757478973702,0.0,45.28157138294474,45.28157138294474,0.0,0.42581709783881605,0.42581709783881605,0.0
250,2020-09-07,2702,15.4,6.66,13.1604028283694,13.1604028283694,0.0,23.90987786586672,23.90987786586672,0.0,44.9919005785301,44.9919005785301,0.0,0.44411827726590947,0.4441182772659095,1.249918187852947e-16
251,2020-09-08,3305,15.2,7.34,12.675156486078135,12.675156486078135,0.0,24.233800992877185,24.233800992877185,0.0,45.950874163608894,45.950874163608894,0.0,0.43013166414849985,0.43013166414849985,0.0
252,2020-09-09,2235,15.4,6.28,13.143149807938542,13.14314980793854,-1.3515457598507477e-16,23.921254801536488,23.92125480153649,1.4851702840322181e-16,45.378169014084506,45.378169014084506,0.0,0.4242637644046094,0.42426376440460944,1.3084113207065754e-16
253,2020-09-10,3060,15.1,7.65,13.164786139685978,13.16478613968598,1.3493244938064921e-16,24.113990254466707,24.113990254466707,0.0,45.47918787222524,45.47918787222524,0.0,0.41369788846778566,0.41369788846778566,0.0
254,2020-09-11,2754,14.2,7.79,13.25940787333261,13.259407873332611,1.339695449728844e-16,25.07656436395185,25.07656436395185,0.0,45.97525214185013,45.97525214185013,0.0,0.42802299099880714,0.42802299099880714,0.0
255,2020-09-12,2185,15.1,7.3,12.840323624595468,12.840323624595468,0.0,24.35265372168285,24.35265372168285,0.0,45.98521035598706,45.98521035598706,0.0,0.3938187702265373,0.3938187702265372,-1.4095608291937435e-16
256,2020-09-13,2108,15.9,7.79,12.859885045005965,12.859885045005964,-1.3813162661901746e-16,24.570588873224164,24.570588873224164,0.0,45.602429237609805,45.602429237609805,0.0,0.4286628348335321,0.4286628348335321,0.0
257,2020-09-14,2408,14.3,7.47,13.244461255808927,13.244461255808927,0.0,25.07185777585648,25.07185777585648,0.0,46.27225764616881,46.27225764616881,0.0,0.4167837458121691,0.41678374581216904,-1.3318933808967421e-16
258,2020-09-15,2575,15.3,8.11,13.116563282185224,13.116563282185222,-1.3542852660291582e-16,24.426488192403962,24.426488192403962,0.0,45.46092066601371,45.46092066601371,0.0,0.42400696484927636,0.42400696484927636,0.0
259,2020-09-16,2680,15.0,7.94,12.944818596567456,12.944818596567456,0.0,24.39387356072127,24.39387356072127,0.0,45.1683684553552,45.16836845535521,1.5730980773910544e-16,0.42472300673473823,0.42472300673473823,0.0
260,2020-09-17,2472,15.5,6.88,14.056110395189002,14.056110395189004,1.2637613034173706e-16,23.620435996563575,23.620435996563575,0.0,44.92692225085911,44.92692225085911,0.0,0.3992697594501718,0.39926975945017185,1.3903169453078884e-16
261,2020-09-18,2252,15.5,6.73,13.317787069797362,13.317787069797362,0.0,24.796451163289376,24.796451163289376,0.0,45.47978985740325,45.47978985740324,-1.562326338771412e-16,0.4076873592795111,0.4076873592795111,0.0
262,2020-09-19,2230,15.3,7.06,12.995717667312245,12.995717667312245,0.0,24.834032709274805,24.8340327092748,-1.4305826687075528e-16,45.38476436410587,45.38476436410588,1.5655974988867801e-16,0.4192166989455563,0.4192166989455563,0.0
263,2020-09-20,1895,14.9,7.85,12.060835594139988,12.060835594139988,0.0,24.92511123168746,24.92511123168746,0.0,46.165480195333686,46.16548019533369,1.5391212931256815e-16,0.43404232230059675,0.43404232230059675,0.0
264,2020-09-21,2254,15.7,6.8,11.77667381974249,11.776673819742488,-1.5083688880151836e-16,24.80156652360515,24.80156652360515,0.0,45.00824034334764,45.00824034334763,-1.5786947686461167e-16,0.39798283261802575,0.3979828326180257,-1.3948127075254044e-16
265,2020-09-22,2589,14.5,7.13,12.198503284160655,12.198503284160655,0.0,24.912565952406588,24.912565952406588,0.0,46.694949930009685,46.69494993000969,1.521669338601115e-16,0.43270162592871747,0.4327016259287175,1.282896756214238e-16
266,2020-09-23,2246,15.6,6.97,11.84847898527357,11.84847898527357,0.0,24.64955390734172,24.649553907341723,1.4412892388053916e-16,45.96955820703,45.96955820703,0.0,0.471761797269698,0.47176179726969797,-1.176677542618464e-16
267,2020-09-24,2306,16.2,7.17,12.43955617795971,12.43955617795971,0.0,24.436776904018096,24.4367769040181,1.453838897312327e-16,45.551524291716035,45.55152429171604,1.559865990893567e-16,0.43330819778088975,0.4333081977808898,1.281100877286611e-16
268,2020-09-25,2065,16.5,7.14,12.274122334697395,12.274122334697394,-1.447237359186745e-16,24.60219685548137,24.60219685548137,0.0,45.46370880895973,45.46370880895972,-1.5628789519698631e-16,0.4316174886926556,0.4316174886926556,0.0
269,2020-09-26,2846,15.8,7.56,12.078018173950671,12.078018173950671,0.0,24.95759411510169,24.95759411510169,0.0,45.22425356988317,45.22425356988317,0.0,0.43721332756382514,0.4372133275638252,1.269658259060143e-16
270,2020-09-27,2242,16.2,7.25,12.865897574123988,12.86589757412399,1.3806707454075149e-16,24.457854447439352,24.457854447439352,0.0,44.66923989218329,44.669239892183285,-1.5906756807931236e-16,0.415611859838275,0.415611859838275,0.0
271,2020-09-28,2263,15.6,7.59,11.946239584460557,11.946239584460557,0.0,24.540937128016456,24.540937128016452,-1.447668302260816e-16,45.58385456119467,45.58385456119468,1.5587596586555058e-16,0.42012769180824594,0.42012769180824594,0.0
272,2020-09-29,3095,15.2,7.29,12.759788588070325,12.759788588070327,1.3921522501250867e-16,25.016503074102044,25.01650307410204,-1.4201479992135248e-16,45.99011972818466,45.99011972818466,0.0,0.402459281630892,0.402459281630892,0.0
273,2020-09-30,2427,15.6,6.91,12.602427758083575,12.602427758083577,1.409535427220237e-16,25.050725104737353,25.050725104737353,0.0,45.84019765818026,45.84019765818026,0.0,0.3626597915995274,0.3626597915995274,0.0
274,2020-10-01,2256,17.6,7.76,13.399826539462273,13.399826539462275,1.3256565927692484e-16,25.01300954032958,25.01300954032958,0.0,43.98716392020816,43.98716392020816,0.0,0.42879444926279275,0.42879444926279275,0.0
275,2020-10-02,2721,16.1,7.31,12.81717553134103,12.81717553134103,0.0,25.552885963965913,25.55288596396591,-1.390337546925406e-16,45.529938504693064,45.529938504693064,0.0,0.3982738159456253,0.3982738159456252,-1.3937936416798372e-16
276,2020-10-03,2526,16.9,7.17,13.00703436389098,13.007034363890982,1.3656893567772997e-16,24.84137671011526,24.841376710115263,1.430159737223363e-16,45.25158892599375,45.25158892599375,0.0,0.4296886782290208,0.4296886782290208,0.0
277,2020-10-04,2835,18.0,6.4,13.211111111111112,13.211111111111112,0.0,24.34594017094017,24.345940170940175,1.4592632914793305e-16,44.44294871794872,44.442948717948724,1.598774960386777e-16,0.4292735042735043,0.4292735042735043,0.0
278,2020-10-05,2510,16.2,6.31,13.10353292774042,13.10353292774042,0.0,24.910129149322234,24.910129149322234,0.0,45.78633792293734,45.78633792293735,1.5518662727646172e-16,0.42933077169388406,0.42933077169388406,0.0
279,2020-10-06,2564,16.5,6.08,13.602534071550254,13.602534071550256,1.3059014078233458e-16,24.991322402044293,24.991322402044293,0.0,44.90614352640545,44.90614352640545,0.0,0.42674616695059625,0.42674616695059625,0.0
280,2020-10-07,2588,17.0,6.49,13.482729119880226,13.482729119880226,0.0,24.82632873489466,24.82632873489466,0.0,44.69094214522511,44.69094214522511,0.0,0.4260506897658004,0.4260506897658004,0.0
281,2020-10-08,2091,18.5,6.93,12.793757386913077,12.793757386913077,0.0,24.492908563446868,24.492908563446868,0.0,44.21333404964006,44.21333404964006,0.0,0.46411303320081665,0.46411303320081665,0.0
282,2020-10-09,2524,18.3,7.42,12.654763447828905,12.654763447828905,0.0,24.665316483041693,24.665316483041696,1.4403681709266213e-16,44.379920069129405,44.379920069129405,0.0,0.43241520846835174,0.43241520846835174,0.0
283,2020-10-10,2631,16.9,6.47,14.49118999251577,14.491189992515768,-1.2258184733742925e-16,24.726536940019244,24.72653694001924,-1.436801961964406e-16,43.882273067464986,43.88227306746498,-1.619202211033384e-16,0.4353576392601304,0.4353576392601304,0.0
284,2020-10-11,2073,17.6,7.35,14.132066918510525,14.132066918510525,0.0,24.733340528872095,24.733340528872098,1.4364067298767401e-16,43.53459255261738,43.53459255261738,0.0,0.45357798165137614,0.4535779816513762,1.2238502192975532e-16
285,2020-10-12,2494,17.8,7.58,14.079484959965377,14.079484959965376,-1.2616632245080494e-16,24.761393637740746,24.76139363774075,1.4347793709743126e-16,43.35912140229387,43.35912140229387,0.0,0.47139147370698986,0.47139147370698986,0.0
286,2020-10-13,4108,17.6,6.87,14.280425212069153,14.280425212069154,1.2439103269130643e-16,24.473145066036725,24.47314506603673,1.4516784292391077e-16,43.64642972189413,43.64642972189413,0.0,0.4512402018683561,0.45124020186835617,1.2301907277191702e-16
287,2020-10-14,3384,17.3,6.31,14.273230867755366,14.273230867755366,0.0,24.512530686305904,24.512530686305904,0.0,43.914238445938736,43.914238445938736,0.0,0.4148681823033408,0.41486818230334077,-1.3380431086100866e-16
288,2020-10-15,2582,18.1,7.15,13.86610662358643,13.866106623586433,1.2810783067098617e-16,24.309789983844915,24.30978998384491,-1.4614333077996392e-16,43.724103392568665,43.724103392568665,0.0,0.4498546042003232,0.4498546042003232,0.0
289,2020-10-16,2961,17.3,7.07,14.826019584633595,14.826019584633594,-1.1981346910140012e-16,24.784192402883892,24.78419240288389,-1.4334595297876668e-16,43.089788012482515,43.08978801248251,-1.648981739140294e-16,0.46275691380609063,0.4627569138060906,-1.199574756748393e-16
290,2020-10-17,2493,15.7,5.93,15.180631444668867,15.180631444668865,-1.1701468716072884e-16,25.378717975975338,25.378717975975338,0.0,43.7406505793558,43.7406505793558,0.0,0.465993409163389,0.465993409163389,0.0
291,2020-10-18,2755,17.9,6.75,13.945994638069704,13.945994638069704,0.0,24.98657372654155,24.986573726541554,1.4218490769011252e-16,43.16743163538874,43.16743163538874,0.0,0.43141018766756034,0.4314101876675603,-1.286737142935393e-16
292,2020-10-19,2992,18.1,5.93,14.069352609758694,14.069352609758692,-1.2625718387128526e-16,24.551716806633358,24.55171680663336,1.4470326889077804e-16,43.27893058360796,43.27893058360796,0.0,0.44402041033273104,0.444020410332731,-1.250193683431354e-16
293,2020-10-20,2893,16.7,6.18,15.351279044979748,15.351279044979748,0.0,25.16224685568109,25.16224685568109,0.0,42.78647409933916,42.78647409933916,0.0,0.47057130675762104,0.470571306757621,-1.1796543995371603e-16
294,2020-10-21,2933,17.0,6.38,15.151356547746207,15.151356547746207,0.0,24.903546250801107,24.90354625080111,1.4265894676290193e-16,42.945097201452676,42.94509720145268,1.6545374956936066e-16,0.4610126041444136,0.4610126041444136,0.0
295,2020-10-22,2412,16.9,6.09,15.370535619209882,15.370535619209882,0.0,25.130869981897558,25.13086998189756,1.4136851137105942e-16,42.59859439889256,42.59859439889256,0.0,0.4335959961665424,0.43359599616654243,1.280250549406278e-16
296,2020-10-23,3220,14.9,4.81,15.600325664460552,15.600325664460552,0.0,25.997562769198442,25.997562769198442,0.0,43.502111566341,43.502111566341,0.0,0.393360647126799,0.393360647126799,0.0
297,2020-10-24,3595,15.1,4.29,16.07343015358897,16.07343015358897,0.0,25.573785393375825,25.573785393375825,0.0,43.25278445303522,43.25278445303521,-1.642767615415887e-16,0.3991745899070108,0.3991745899070108,0.0
298,2020-10-25,2900,15.7,5.19,15.764571247758674,15.764571247758676,1.1268031407151679e-16,25.500727771332134,25.500727771332137,1.3931812890432306e-16,43.034700980909186,43.034700980909186,0.0,0.43568189009598135,0.4356818900959814,1.2741211533724442e-16
299,2020-10-26,2858,15.2,5.59,15.664781273170217,15.664781273170215,-1.1339812592485396e-16,25.679822052748648,25.679822052748648,0.0,43.455396674081136,43.455396674081136,0.0,0.43114076898633624,0.4311407689863362,-1.287541221438446e-16
300,2020-10-27,2835,16.2,6.39,15.916718299326995,15.916718299326995,0.0,25.334259160346118,25.334259160346118,0.0,42.54902254032689,42.54902254032689,0.0,0.43864971691058646,0.43864971691058646,0.0
301,2020-10-28,2889,16.0,5.87,15.50961436311484,15.50961436311484,0.0,25.263359184107088,25.263359184107085,-1.4062712931047885e-16,43.22702645277808,43.22702645277807,-1.6437465032120794e-16,0.4461914373738447,0.4461914373738447,0.0
302,2020-10-29,2674,15.8,5.69,15.534725903933834,15.534725903933834,0.0,25.319817622733535,25.319817622733538,1.4031355721972808e-16,43.345456473332625,43.345456473332625,0.0,0.4464001696532711,0.4464001696532711,0.0
303,2020-10-30,2780,16.4,5.59,15.531659781802773,15.531659781802775,1.1437005860001315e-16,25.44039826289588,25.44039826289588,0.0,42.627941955301345,42.627941955301345,0.0,0.4427497087172969,0.4427497087172969,0.0
304,2020-10-31,2708,15.8,5.63,15.694373211825791,15.694373211825791,0.0,25.09850588110628,25.09850588110628,0.0,43.40712090706792,43.40712090706792,0.0,0.44611635053512766,0.44611635053512766,0.0
305,2020-11-01,2945,15.7,5.88,15.638312792180194,15.638312792180194,0.0,25.8847216319592,25.8847216319592,0.0,42.7769655758606,42.7769655758606,0.0,0.41200594985125366,0.4120059498512537,1.347338582156374e-16
306,2020-11-02,2814,14.5,5.23,16.013770180436847,16.013770180436847,0.0,25.91073124406458,25.91073124406458,0.0,43.57549857549857,43.57549857549857,0.0,0.40598290598290604,0.405982905982906,-1.3673273040120347e-16
307,2020-11-03,2766,14.0,4.06,16.0095893266625,16.009589326662496,-2.2191160599502593e-16,26.28225974567438,26.28225974567438,0.0,43.70815092766312,43.70815092766313,1.6256527001932582e-16,0.421304982280592,0.42130498228059204,1.3176001605954668e-16
308,2020-11-04,2926,14.4,4.2,15.904801670146139,15.904801670146139,0.0,26.180375782881,26.180375782881,0.0,43.514822546972866,43.51482254697286,-1.6328751771723116e-16,0.4110229645093946,0.4110229645093946,0.0
309,2020-11-05,3178,15.3,5.16,15.459268241248417,15.459268241248417,0.0,26.09588781105019,26.095887811050186,-1.3614074771183372e-16,43.144843947701396,43.14484394770139,-1.6468775194120395e-16,0.3929565584141712,0.3929565584141712,0.0
310,2020-11-06,3125,14.8,5.88,15.82337441563961,15.82337441563961,0.0,25.94381640458988,25.943816404589885,1.3693874576494337e-16,43.4328091797705,43.4328091797705,0.0,0.4073523161920952,0.4073523161920952,0.0
311,2020-11-07,3247,15.0,4.85,14.972149238045192,14.972149238045192,0.0,25.647398843930635,25.647398843930635,0.0,44.38045191802417,44.38045191802417,0.0,0.41093011035207566,0.41093011035207566,0.0
312,2020-11-08,2837,14.8,4.82,14.223870561042236,14.223870561042236,0.0,25.96818659382223,25.968186593822235,1.3681023378219574e-16,45.00794284513554,45.00794284513553,-1.5787052036680582e-16,0.4117671779785669,0.41176717797856693,1.3481198648170852e-16
313,2020-11-09,2705,15.2,5.23,14.155703281629208,14.155703281629208,0.0,25.528584995251663,25.528584995251663,0.0,45.115711723119134,45.115711723119134,0.0,0.4205550279624353,0.4205550279624354,1.3199497697175595e-16
314,2020-11-10,2844,16.3,5.36,13.867455621301774,13.867455621301776,1.28095368603278e-16,25.44430473372781,25.44430473372781,0.0,44.38823964497042,44.38823964497041,-1.6007454709698336e-16,0.4156699070160608,0.4156699070160609,1.3354623535235368e-16
315,2020-11-11,2568,15.3,5.24,14.176255804136767,14.176255804136765,-1.2530507800810793e-16,25.671000422119036,25.671000422119036,0.0,44.852743773744194,44.852743773744194,0.0,0.42010341916420424,0.42010341916420424,0.0
316,2020-11-12,2304,15.0,5.14,13.35125448028674,13.35125448028674,0.0,25.645161290322584,25.645161290322584,0.0,46.00358422939069,46.00358422939068,-1.544537773876649e-16,0.3942652329749104,0.3942652329749104,0.0
317,2020-11-13,2943,16.0,5.36,13.473372781065088,13.473372781065088,0.0,25.21597633136095,25.215976331360945,-1.408913790255273e-16,45.31065088757396,45.31065088757396,0.0,0.3905325443786982,0.3905325443786982,0.0
318,2020-11-14,2419,15.0,5.2,13.664556962025317,13.664556962025317,0.0,25.724156118143462,25.724156118143462,0.0,45.61128691983122,45.61128691983122,0.0,0.430379746835443,0.43037974683544306,1.2898179256674614e-16
319,2020-11-15,2084,15.6,5.89,13.568929975560517,13.568929975560515,-1.3091355343418458e-16,25.864371480182765,25.864371480182765,0.0,44.96669854425673,44.96669854425672,-1.5801532217464798e-16,0.40357029008606954,0.4035702900860695,-1.3755014329577866e-16
320,2020-11-16,2530,15.1,6.18,13.591963334043916,13.591963334043914,-1.306917033060995e-16,26.052771264122793,26.05277126412279,-1.3636605652362726e-16,45.255265401833306,45.2552654018333,-1.570077491427806e-16,0.44341291835429547,0.44341291835429547,0.0
321,2020-11-17,2840,15.4,5.95,14.023540669856459,14.023540669856457,-1.2666963937420755e-16,26.36497607655502,26.36497607655502,0.0,44.21148325358851,44.21148325358851,0.0,0.4137799043062201,0.4137799043062201,0.0
322,2020-11-18,2772,16.1,5.77,13.49807916799321,13.49807916799321,0.0,25.544847713042557,25.544847713042557,0.0,44.85707311896424,44.857073118964244,1.5840149308798834e-16,0.40957232303937174,0.4095723230393718,1.355344297176096e-16
323,2020-11-19,2698,13.7,5.29,15.21708372927885,15.217083729278851,1.167343803190359e-16,26.333755675219088,26.33375567521909,1.349110139327266e-16,44.74916059550206,44.74916059550206,0.0,0.3827050997782705,0.3827050997782705,0.0
324,2020-11-20,2934,13.8,5.16,15.324040489245045,15.324040489245045,0.0,26.15811893715732,26.15811893715732,0.0,44.717840573597634,44.71784057359764,1.5889468870722254e-16,0.39082665541965417,0.39082665541965417,0.0
325,2020-11-21,3053,13.2,4.84,15.187263556116013,15.187263556116015,1.1696358813006175e-16,26.379319041614124,26.379319041614128,1.346779904817101e-16,45.233417402269865,45.233417402269865,0.0,0.39222362337116434,0.39222362337116434,0.0
326,2020-11-22,3155,15.3,5.38,14.036102303952653,14.036102303952651,-1.2655627616079838e-16,25.70898330162756,25.708983301627562,1.3818958288310023e-16,44.95491439441978,44.95491439441978,0.0,0.420725005284295,0.420725005284295,0.0
327,2020-11-23,3104,16.8,4.74,14.14033172370355,14.140331723703548,-1.2562342058938614e-16,24.9617467982364,24.961746798236405,1.4232632465655438e-16,44.097921478060044,44.097921478060044,0.0,0.4192315767373504,0.4192315767373504,0.0
328,2020-11-24,3337,16.6,5.7,14.115206786850479,14.11520678685048,1.2584702911012815e-16,25.04653234358431,25.04653234358431,0.0,44.238260869565224,44.238260869565224,0.0,0.43336161187698835,0.4333616118769884,1.2809429748709472e-16
329,2020-11-25,3172,18.4,6.64,12.594858611825194,12.594858611825192,-1.410382517301501e-16,25.02365038560411,25.02365038560411,0.0,43.98149100257069,43.98149100257069,0.0,0.4632390745501285,0.4632390745501285,0.0
330,2020-11-26,3478,18.0,6.67,13.293260473588344,13.293260473588342,-1.3362837829963515e-16,25.64641594342655,25.64641594342655,0.0,43.060323582985106,43.060323582985106,0.0,0.5095896282010072,0.5095896282010072,0.0
331,2020-11-27,3477,15.7,6.0,13.766010638297871,13.766010638297871,0.0,26.357202127659573,26.357202127659573,0.0,44.17678723404255,44.17678723404255,0.0,0.45737234042553193,0.4573723404255319,-1.2136971636634418e-16
332,2020-11-28,6529,15.5,5.68,14.86275445292621,14.86275445292621,0.0,26.339058524173026,26.33905852417303,1.348838522660159e-16,43.29818702290076,43.29818702290076,0.0,0.5016963528413911,0.5016963528413911,0.0
333,2020-11-29,4713,15.6,6.46,14.373444515715201,14.373444515715203,1.2358602264461182e-16,25.913705366688045,25.91370536668805,1.3709786495324975e-16,44.11285011759676,44.11285011759675,-1.6107386710809293e-16,0.5143040410519563,0.5143040410519564,2.1586900665884504e-16
334,2020-11-30,4902,16.2,5.09,13.84452639342535,13.84452639342535,0.0,25.5081867031925,25.508186703192496,-1.3927739043700263e-16,44.44728690338216,44.44728690338216,0.0,0.4856179538510168,0.4856179538510168,0.0
335,2020-12-01,5367,16.6,6.39,14.317252430295909,14.317252430295909,0.0,25.881529751094973,25.88152975109497,-1.37268303418201e-16,43.20121781860912,43.20121781860912,0.0,0.5167396645657515,0.5167396645657515,0.0
336,2020-12-02,5531,16.1,5.61,15.075156266553662,15.075156266553662,0.0,25.848204258925733,25.848204258925733,0.0,42.97663947452061,42.97663947452061,0.0,0.47109863332980195,0.47109863332980195,0.0
337,2020-12-03,5761,17.1,5.09,15.014761352860607,15.014761352860607,0.0,25.71463491729007,25.714634917290066,-1.3815921129067707e-16,42.17060372984933,42.17060372984933,0.0,0.5153408492255822,0.5153408492255821,-2.1543470235156426e-16
338,2020-12-04,5018,16.4,5.31,14.8412292744746,14.8412292744746,0.0,26.159763438589078,26.159763438589078,0.0,42.59900728693632,42.59900728693632,0.0,0.5473862076248811,0.5473862076248812,2.0282261576199275e-16
339,2020-12-05,5573,15.6,5.64,15.894319626960577,15.894319626960577,0.0,25.903179313268335,25.903179313268335,0.0,42.6025010597711,42.60250105977109,-1.6678427746840784e-16,0.5635014836795252,0.5635014836795252,0.0
340,2020-12-06,5221,14.7,4.99,16.708062309230606,16.708062309230606,0.0,25.730954636354067,25.730954636354067,0.0,42.86098305441532,42.86098305441532,0.0,0.502768129670561,0.502768129670561,0.0
341,2020-12-07,6676,15.5,6.32,16.308283518360373,16.308283518360373,0.0,25.382472245943635,25.382472245943635,0.0,42.809244235695985,42.809244235695985,0.0,0.48708368915456873,0.48708368915456873,0.0
342,2020-12-08,6218,15.3,5.88,15.721515087122821,15.721515087122821,0.0,25.61158096047599,25.61158096047599,0.0,43.36690395240119,43.36690395240119,0.0,0.5129515512112196,0.5129515512112197,2.16438184464715e-16
343,2020-12-09,6271,16.5,6.44,14.609822573749465,14.609822573749467,1.215864758407101e-16,26.20307823856349,26.20307823856349,0.0,42.687099187687046,42.687099187687046,0.0,0.5265604959384352,0.5265604959384352,0.0
344,2020-12-10,6647,15.8,5.74,15.364311478888181,15.364311478888181,0.0,25.6548270740505,25.6548270740505,0.0,43.180861447061325,43.180861447061325,0.0,0.5091661362189688,0.5091661362189688,0.0
345,2020-12-11,5806,16.6,6.02,15.157182379229623,15.157182379229623,0.0,25.238306022557992,25.238306022557992,0.0,43.00451159821239,43.00451159821239,0.0,0.5147052564375398,0.5147052564375398,0.0
346,2020-12-12,5947,15.9,5.19,16.534374011180255,16.534374011180255,0.0,25.15637590971416,25.15637590971416,0.0,42.409250079105576,42.409250079105576,0.0,0.5144815947684842,0.5144815947684842,0.0
347,2020-12-13,5480,16.0,5.14,15.912713472485768,15.912713472485768,0.0,25.13092979127135,25.130929791271345,-1.41368174926598e-16,42.95635673624288,42.95635673624288,0.0,0.495888678051866,0.4958886780518659,-1.1194276798038089e-16
348,2020-12-14,4926,17.5,5.98,14.925813656668796,14.925813656668796,0.0,25.604658583280152,25.604658583280155,1.3875262844240477e-16,41.96952776005105,41.96952776005105,0.0,0.5615826419910658,0.5615826419910658,0.0
349,2020-12-15,6157,16.7,5.16,14.483519611978066,14.483519611978066,0.0,25.506452973428928,25.50645297342893,1.3928685742786354e-16,43.310027414593,43.310027414592994,-1.6405963657291244e-16,0.5182096161956979,0.5182096161956979,0.0
350,2020-12-16,4393,16.4,5.65,14.203582405935347,14.203582405935348,1.250640006607032e-16,25.51860095389507,25.51860095389507,0.0,43.877816640169584,43.877816640169584,0.0,0.5050556438791732,0.5050556438791732,0.0
351,2020-12-17,4940,15.4,5.8,14.935222929936304,14.935222929936304,0.0,25.514713375796177,25.514713375796177,0.0,44.15006369426751,44.15006369426751,0.0,0.5119108280254776,0.5119108280254776,0.0
352,2020-12-18,5307,16.1,5.95,14.57656565656566,14.576565656565657,-1.2186387941113783e-16,25.611578947368425,25.61157894736842,-1.3871513685670442e-16,43.71185539606593,43.71185539606592,-1.6255149302677486e-16,0.5263264221158958,0.5263264221158958,0.0
353,2020-12-19,5771,15.1,5.52,13.793554191363253,13.793554191363251,-1.2878166241681966e-16,26.54472904318374,26.544729043183743,1.3383876222736508e-16,44.56171676545301,44.561716765453006,-1.5945138278670554e-16,0.5751058425063506,0.5751058425063506,0.0
354,2020-12-20,5864,16.9,5.44,13.77090736040609,13.77090736040609,0.0,25.661167512690355,25.66116751269035,-1.3844707872483035e-16,43.66792512690355,43.66792512690355,0.0,0.5272842639593908,0.5272842639593908,0.0
355,2020-12-21,3961,17.6,5.92,13.085204081632654,13.085204081632654,0.0,25.390901360544216,25.390901360544216,0.0,43.92389455782314,43.92389455782313,-1.6176678842189502e-16,0.5430272108843538,0.5430272108843538,0.0
356,2020-12-22,6182,16.9,5.79,14.007302834094045,14.007302834094046,1.268164799776131e-16,25.51834200191062,25.518342001910625,1.3922196350117497e-16,43.57435516399533,43.57435516399533,0.0,0.520422460460673,0.520422460460673,0.0
357,2020-12-23,5088,16.5,5.08,14.022229245680572,14.022229245680572,0.0,25.607722292456806,25.607722292456803,-1.3873602807099378e-16,43.870048461862616,43.870048461862616,0.0,0.51901601348504,0.51901601348504,0.0
358,2020-12-24,4940,16.3,5.97,13.467840051047538,13.467840051047538,0.0,26.303679676698927,26.303679676698927,0.0,43.92848027225354,43.92848027225354,0.0,0.49847920876316076,0.4984792087631607,-1.1136101617757238e-16
359,2020-12-25,5818,15.3,5.16,14.414361029101645,14.414361029101645,0.0,26.015510333192747,26.015510333192744,-1.3656136794163342e-16,44.270128637705604,44.27012863770561,1.6050161985635595e-16,0.5447806832560101,0.54478068325601,-2.0379265615470192e-16
360,2020-12-26,4223,13.9,4.54,16.71310496543055,16.71310496543055,0.0,26.030232558139538,26.030232558139534,-1.3648413132173817e-16,43.35666247642991,43.35666247642992,1.638831716224408e-16,0.541169076052797,0.541169076052797,0.0
361,2020-12-27,6025,13.6,4.15,18.641126760563385,18.64112676056338,-1.9058470683845767e-16,25.185352112676057,25.18535211267606,1.410626964001183e-16,42.57352112676057,42.57352112676057,0.0,0.5318309859154929,0.531830985915493,2.0875485897348018e-16
362,2020-12-28,4156,12.9,4.7,18.370514165792237,18.370514165792237,0.0,25.1703462749213,25.1703462749213,0.0,43.559139559286464,43.559139559286464,0.0,0.49353620146904514,0.49353620146904514,0.0
363,2020-12-29,4816,13.8,4.15,17.941471048513304,17.941471048513304,0.0,25.270944183620244,25.270944183620244,0.0,42.98758476786646,42.98758476786646,0.0,0.4676473656755348,0.4676473656755347,-1.1870301279484343e-16
364,2020-12-30,6471,14.1,4.09,17.49167969971849,17.49167969971849,0.0,25.346366385152752,25.346366385152752,0.0,43.06195391512877,43.06195391512877,0.0,0.4746846001459703,0.47468460014597025,-1.169432318094743e-16
365,2020-12-31,5490,13.8,3.87,17.324290023925936,17.324290023925936,0.0,25.304941225423903,25.304941225423907,1.4039604546605645e-16,43.57076875065017,43.57076875065017,0.0,0.45731821491729957,0.4573182149172995,-1.2138408097586129e-16
